address,Latitude,Longitude
서울특별시 강남구 대치동 21-1,37.4977796,127.0755652
서울특별시 강남구 도곡동 552-5,37.4905309,127.0359122
서울특별시 강남구 논현동 207,37.5136307,127.0313462
서울특별시 강남구 대치동 27-15,37.4992996,127.07809
서울특별시 강남구 자곡동204-1,37.4827957,127.1050145
서울특별시 강남구 자곡동 373-1,37.4763295,127.1054648
서울특별시 강남구 개포동 565-3,37.4790041,127.0656864
서울특별시 강남구 강남대로,37.4872446,127.0327813
서울특별시 강남구 강남대로,37.4872446,127.0327813
서울특별시 강남구 일원동 612,37.4906129,127.074326
서울특별시 강남구 포이동 220,37.4789643,127.0609282
서울특별시 강남구 포이동 176,37.4789643,127.0609282
서울특별시 강남구 일원동 615-2,37.491986,127.0769687
서울특별시 강남구 일원동 658,37.4914149,127.0855621
서울특별시 강남구 일원동 712-4,37.4920442,127.0881735
서울특별시 강남구 수서동 465-15,37.4848147,127.0994013
서울특별시 강남구 개포동 12-7,37.4919364,127.0731607
서울특별시 강남구 개포동 12-3,37.4959964,127.0757885
서울특별시 강남구 일원동 산52-1 일대,37.4810133,127.0801089
서울특별시 강남구 세곡동 산48-1 일대,37.4692712,127.1073203
서울특별시 강남구 일원동 732-4,37.4806646,127.0807035
서울특별시 강남구 일원동 730-3,37.4829771,127.0764826
서울특별시 강남구 일원동 730-2,37.4830306,127.0774464
서울특별시 강남구 일원동 718-1,37.4840446,127.081768
서울특별시 강남구 일원동 734-1,37.4820854,127.0821945
서울특별시 강남구 일원동 735-1,37.4832708,127.0859836
서울특별시 강남구 일원동 716-1,37.484737,127.0847209
서울특별시 강남구 수서동 746-1,37.4847553,127.0890751
서울특별시 강남구 수서동 736-1,37.4871237,127.0979375
서울특별시 강남구 수서동 707-1,37.4913306,127.0998059
서울특별시 강남구 수서동 712-1,37.4905488,127.1037562
서울특별시 강남구 수서동 723-1,37.4875022,127.1054073
서울특별시 강남구 세곡동 129-13,37.4638577,127.1070942
서울특별시 강남구 세곡동 99-6,37.4656608,127.1091449
서울특별시 강남구 세곡동 100-15,37.4657271,127.1094493
서울특별시 강남구 세곡동 102-9,37.4657995,127.109367
서울특별시 강남구 개포동 156외 23필지,37.4789643,127.0609282
서울특별시 강남구 도곡동 산31-1외93필지,37.4898434,127.0438136
서울특별시 강남구 개포동 139,37.4830336,127.063861
서울특별시 강남구 청담동 66외 4필지,37.5231998,127.0486655
서울특별시 강남구 논현동 26,37.5155317,127.0251861
서울특별시 강남구 역삼동 635외 1필지,37.4999072,127.0373932
서울특별시 강남구 도곡동 550외 5필지,37.4898434,127.0438136
서울특별시 강남구 삼성동 75외 4필지,37.5139848,127.0565207
서울특별시 강남구 신사동 649-9,37.5239121,127.0355914
서울특별시 강남구 대치동 501,37.4896066,127.0571491
서울특별시 강남구 대치동 212-1 외 13필지,37.4994914,127.0610527
서울특별시 강남구 청담동 134-13외 12필지,37.5231998,127.0486655
서울특별시 강남구 일원동 621,37.4927795,127.0828179
서울특별시 강남구 개포동 1239-21외 4필지,37.4789643,127.0609282
서울특별시 강남구 개포동 13-1,37.4960323,127.0787736
서울특별시 강남구 일원동 732,37.4809196,127.0781655
서울특별시 강남구 세곡동 102-24,37.4658871,127.1092767
서울특별시 강남구 세곡동 100-15,37.4657271,127.1094493
서울특별시 강남구 세곡동 102-8,37.4658084,127.1092347
서울특별시 강남구 세곡동 102-17,37.4656964,127.1091987
서울특별시 강남구 세곡동 102-22,37.4659331,127.1092795
서울특별시 강남구 개포동 183-1외 1필지,37.4789643,127.0609282
서울특별시 강남구 개포동 181외 1필지,37.4789643,127.0609282
서울특별시 강남구 일원동 690,37.4898686,127.0774358
서울특별시 강남구 개포동 180외 2필지,37.4789643,127.0609282
서울특별시 강남구 대치동 512,37.4951065,127.0698635
서울특별시 강남구 세곡동 104-11,37.46592,127.1094583
서울특별시 강남구 세곡동 101,37.4658308,127.1094537
서울특별시 강남구 세곡동 102-28,37.4657088,127.1092867
서울특별시 강남구 세곡동 102-29,37.4656455,127.1092603
서울특별시 강남구 도곡동 461,37.4845355,127.0468249
서울특별시 강남구 수서동 722,37.4874195,127.1062745
서울특별시 강남구 개포동 182-1 외2필지,37.4789643,127.0609282
서울특별시 강남구 개포동 649-1,37.4855782,127.0543594
서울특별시 강남구 세곡동 369-3,37.4680242,127.1004438
서울특별시 강남구 세곡동 233-2,37.459131,127.1005944
서울특별시 강남구 자곡동 447-23,37.4735563,127.1001604
서울특별시 강남구 자곡동 421-1,37.4735051,127.1004143
서울특별시 강남구 율현동 308-29,37.4702593,127.1046598
서울특별시 강남구 율현동 194-1,37.4732596,127.1082045
서울특별시 강남구 역삼동 666-2,37.5046842,127.036522
서울특별시 강남구 역삼동 663-19,37.5053514,127.0382393
서울특별시 강남구 역삼동 663-20,37.5054137,127.0384693
서울특별시 강남구 삼성1동 171-4,37.5155653,127.0662647
서울특별시 강남구 삼성동80외 7필지,37.5139848,127.0565207
서울특별시 강남구 대치동 5-3외 2필지,37.4994914,127.0610527
서울특별시 강남구 대치동1017-3외 1필지,37.4994914,127.0610527
서울특별시 강남구 수서동 501-1,37.4842819,127.0965436
서울특별시 강남구 삼성동 46-15,37.5129778,127.0487958
서울특별시 강남구 세곡동 522-1,37.4620948,127.101929
서울특별시 강남구 압구정동 480,37.5309272,127.0345428
서울특별시 강남구 압구정동 422,37.5267081,127.0214576
서울특별시 강남구 삼성동 14외 1필지,37.5139848,127.0565207
서울특별시 강남구 역삼동 757-1,37.4975499,127.0488965
서울특별시 강남구 역삼동 755-7,37.4980245,127.0486372
서울특별시 강남구 역삼동 754-4,37.4979014,127.0482305
서울특별시 강남구 도곡동 527-7,37.4920871,127.0502685
서울특별시 강남구 역삼동 754-7외 1필지,37.4999072,127.0373932
서울특별시 강남구 역삼동 713-15외 1필지,37.4999072,127.0373932
서울특별시 강남구 역삼동 755-9,37.4992783,127.0490352
서울특별시 강남구 삼성동 7-4,37.5161862,127.0428581
서울특별시 강남구 삼성동 11-3,37.5162471,127.0445903
서울특별시 강남구 대치동 888-3,37.4938114,127.054726
서울특별시 강남구 역삼동 765-30,37.4965622,127.0510057
서울특별시 강남구 삼성동 16-4,37.5175682,127.046733
서울특별시 강남구 삼성동 50-3,37.5173474,127.044048
서울특별시 강남구 역삼동 763-18,37.4969822,127.048103
서울특별시 강남구 세곡동 526-2,37.4685794,127.1222702
서울특별시 강남구 개포동 1267-1,37.4824267,127.0494636
서울특별시 강남구 논현동 276-2,37.5093526,127.0388621
서울특별시 강남구 세곡동 603번지,37.4692712,127.1073203
서울특별시 강남구 자곡동 625번지,37.474172,127.0950243
서울특별시 강남구 자곡동 615번지,37.474172,127.0950243
서울특별시 강남구 자곡동 608번지 외 1,37.474172,127.0950243
서울특별시 강남구 자곡동 607번지,37.474172,127.0950243
서울특별시 강남구 자곡동 647번지,37.474172,127.0950243
서울특별시 강남구 자곡동 627번지 외 1,37.474172,127.0950243
서울특별시 강남구 세곡동 604번지 외 1,37.4692712,127.1073203
서울특별시 강남구 세곡동 537번지,37.4692712,127.1073203
서울특별시 강남구 세곡동 549번지,37.4692712,127.1073203
서울특별시 강남구 수서동 525답 일원,37.4881568,127.0855952
서울특별시 강남구 수서동 569답 일원,37.4881568,127.0855952
서울특별시 강남구 율현동 254-3답 일원,37.4881568,127.0855952
서울특별시 강남구 율현동 192-4구 일원,37.4933789,127.0800728
서울특별시 강남구 수서동 532답 일원,37.4880466,127.1029873
서울특별시 강남구 세곡동 525-1,37.4600486,127.1015872
서울특별시 강남구 도곡동 462-9,37.4861363,127.0462223
서울특별시 강남구 역삼동 716-5,37.50246,127.0493726
서울특별시 강남구 개포동 700외,37.4789643,127.0609282
서울특별시 강남구 개포동 186-19,37.4886855,127.0675707
서울특별시 강남구 도곡동 539-6,37.4939742,127.0471811
서울특별시 강남구 삼성동 131-11번지,37.5073294,127.0471528
서울특별시 강남구 논현동 162-11,37.5084738,127.0250833
서울특별시 강남구 논현동 137-18,37.5108353,127.0266972
서울특별시 강남구 논현동 47-13,37.5126012,127.0224235
서울특별시 강남구 논현동 150-5,37.5111874,127.0300758
서울특별시 강남구 논현동 205-7,37.5066323,127.0306901
서울특별시 강남구 논현동 239,37.5156684,127.0374588
서울특별시 강남구 논현동 263-23,37.5116297,127.0387639
서울특별시 강남구 신사동 558,37.5205448,127.0260258
서울특별시 강남구 신사동 567-37,37.5228822,127.025819
서울특별시 강남구 신사동 625-5,37.5241146,127.0319245
서울특별시 강남구 신사동 597,37.5234437,127.0292203
서울특별시 강남구 신사동 609-2,37.5256178,127.0294286
서울특별시 강남구 압구정 466,37.5320389,127.0337512
서울특별시 강남구 압구정 459,37.5306729,127.0314313
서울특별시 강남구 삼성동 55-1,37.5184985,127.0539509
서울특별시 강남구 삼성동 85,37.5183075,127.0606196
서울특별시 강남구 청담동 94.4,37.5251376,127.0442417
서울특별시 강남구 청담동 51,37.5229625,127.0498309
서울특별시 강남구 도곡동 455,37.4833096,127.0450947
서울특별시 강남구 대치동 633,37.494199,127.0583614
서울특별시 강남구 대치동 610,37.494971,127.0609357
서울특별시 강남구 율현동 92-4 일원,37.4881568,127.0855952
서울특별시 강남구 도곡동 415-3,37.4848991,127.0443146
서울특별시 강남구 역삼동 780-25,37.4953104,127.0446004
서울특별시 강남구 역삼동 824-10,37.4972085,127.030726
서울특별시 강남구 역삼동 830-23,37.4938191,127.0321969
서울특별시 강남구 역삼동 739-15,37.4975547,127.0362551
서울특별시 강남구 역삼동 836-21,37.4909452,127.033686
서울특별시 강남구 역삼동 611,37.505393,127.0311947
서울특별시 강남구 대치동 929-10,37.4997876,127.0581713
서울특별시 강남구 대치동 1014-4,37.4969367,127.0591854
서울특별시 강남구 대치동 899-25,37.501633,127.0515319
서울특별시 강남구 개포동 169-3,37.4836677,127.0608782
서울특별시 강남구 개포동 190,37.4852189,127.0716528
서울특별시 강남구 개포동 1168-7,37.4727244,127.0518487
서울특별시 강남구 삼성동111-140,37.5128013,127.046693
서울특별시 강남구 대치동650-2,37.4925263,127.057411
서울특별시 강남구 도곡동 944-8,37.4887649,127.0342636
서울특별시 강남구 세곡동100-4외 1필지,37.4692712,127.1073203
서울특별시 강남구 대치동979-1외 2필지,37.4994914,127.0610527
서울특별시 강남구 역삼동 835-69,37.4927895,127.0353212
서울특별시 강남구 삼성동 111-61,37.5128031,127.0534131
서울특별시 강남구 개포동 647,37.4831717,127.0599132
서울특별시 강남구 개포동 647,37.4831717,127.0599132
서울특별시 강남구 역삼동 795-25,37.4925507,127.0388536
서울특별시 강남구 강남대로124길 22 2층,37.5091184,127.0245829
서울특별시 강남구 자곡로21,37.474172,127.0950243
서울특별시 강남구 자곡로21 LH 푸르지오아파트 단지내,37.4704781,127.0909543
서울특별시 강남구 봉은사로59길 22,37.5124091,127.0455419
서울특별시 강남구 테헤란로 30길 27,37.4994368,127.0398816
서울특별시 강남구 헌릉로571길 20,37.4692712,127.1073203
서울특별시 강남구 개포로124길 13,37.4937497,127.0830243
서울특별시 강남구 언주로6길 10,37.4778096,127.0581182
서울특별시 강남구 선릉로 7 23동 108호,37.478368,127.0614839
서울특별시 강남구 선릉로 7,37.478368,127.0614839
서울특별시 강남구 개포로128길 19,37.4938131,127.0838796
서울특별시 강남구 양재대로37길 19,37.490853,127.0835132
서울특별시 강남구 양재대로55길10 121동 105호,37.492615,127.0902134
서울특별시 강남구 개포로124길 13,37.4937497,127.0830243
서울특별시 강남구 일원로5길 19,37.4913256,127.0822963
서울특별시 강남구 선릉로227 래미안도곡카운티아파트내,37.4939742,127.0471811
서울특별시 강남구 봉은사로 51길 42,37.5128026,127.042062
서울특별시 강남구 논현로 6길 19,37.4736938,127.0509411
서울특별시 강남구 삼성로14 개포동 주공아파트내,37.4876572,127.0684907
서울특별시 강남구 광평로51길 27,37.4890673,127.101008
서울특별시 강남구 양재대로 55길 10 수서아파트내,37.4925325,127.0893074
서울특별시 강남구 헌릉로20 강남LH1단지내,37.466266,127.1167873
서울특별시 강남구 자곡로 21,37.474172,127.0950243
서울특별시 강남구 개포로110길 15 우성7차아파트 내,37.4922401,127.0784896
서울특별시 강남구 자곡로 21,37.474172,127.0950243
서울특별시 강남구 헌릉로 571길 20 강남LH1단지내,37.4692712,127.1073203
서울특별시 강남구 삼성로71길 31,37.50145,127.0563499
서울특별시 강남구 개포로 648 동형빌딩101호,37.4947955,127.0837668
서울특별시 강남구 일원로5길 29,37.4916658,127.0829367
서울특별시 강남구 개포로128길 29-7,37.4932906,127.0847126
서울특별시 강남구 양재대로55길 10 대청복지관내1층,37.4932125,127.091405
서울특별시 강남구 일원로3길 81,37.4932646,127.0858947
서울특별시 강남구 개포로109길 5 304동 105호,37.4939654,127.0750977
서울특별시 강남구 개포로 621 SH공사 14동5호,37.4941483,127.07879
서울특별시 강남구 개포로 615 강남종합사회복지관1층,37.4922493,127.074588
서울특별시 강남구 개포로109길 21 대치2단지내(內),37.4941843,127.0754343
서울특별시 강남구 개포로 617-8,37.4940068,127.0777343
서울특별시 강남구 역삼로67길 11,37.5021027,127.0529092
서울특별시 강남구 도곡로73길 31-1,37.4997974,127.0562271
서울특별시 강남구 테헤란로 440,37.5057406,127.056107
서울특별시 강남구 논현로 213 역삼럭키APT101동 109호,37.4903728,127.0401344
서울특별시 강남구 남부순환로365길 43,37.4882588,127.0398234
서울특별시 강남구 남부순환로365길 42,37.4872733,127.0406411
서울특별시 강남구 논현로 218 2동 105호,37.4895458,127.0403265
서울특별시 강남구 강남대로54길 9 한우리교회,37.4880176,127.0335219
서울특별시 강남구 도곡로18길 9,37.4907331,127.0385003
서울특별시 강남구 논현로 213 102동 116호,37.4904143,127.0401859
서울특별시 강남구 논현로51길 25현대그린APT105호,37.4891836,127.0402528
서울특별시 강남구 선릉로 221 206동 102호,37.4936848,127.0507447
서울특별시 강남구 선릉로 217,37.4942818,127.0534976
서울특별시 강남구 언주로332 역삼푸르지오 106동 101호,37.4976836,127.0471597
서울특별시 강남구 헌릉로 571길 20 강남LH e-편한세상아파트내,37.466675,127.101747
서울특별시 강남구 삼성로 14 주공4단지 444동,37.483822,127.069113
서울특별시 강남구 자곡로 21 LH푸르지오 204동 104호,37.5172363,127.0473248
서울특별시 강남구 자곡로 21LH푸르지오 215동 101호,37.5172363,127.0473248
서울특별시 강남구 학동로 68길 29,37.5162276,127.0485407
서울특별시 강남구 밤고개로 286,37.4690094,127.1069041
서울특별시 강남구 밤고개로 286-1,37.4686478,127.1069954
서울특별시 강남구 자곡로260 한양수자인아파트 416동 105호,37.4781515,127.1138035
서울특별시 강남구 자곡로230자곡포레아파트 306동 102호,37.5692921,126.9850573
서울특별시 강남구 자곡로260 한양수자인 아파트 417동 104호,37.4781515,127.1138035
서울특별시 강남구 언주로35동 우성6차아파트 106호,37.4772967,127.0564081
서울특별시 강남구 강남구 역삼로 8길 11,37.4931477,127.0339512
서울특별시 강남구 강남구 삼성로122길 7 GKL 행복 어린이집,37.5172509,127.0536578
서울특별시 강남구 개포로109길 5 218동 108호,37.4939654,127.0750977
서울특별시 강남구 개포로110길 15 114동 105호,37.492341,127.0781235
서울특별시 강남구 개포로110길 15 101동 104호,37.492341,127.0781235
서울특별시 강남구 선릉로 7 93동 109호,37.478368,127.0614839
서울특별시 강남구 개포로 311 902동 111호,37.4848024,127.0571779
서울특별시 강남구 삼성로 14 주공아파트 414동 102호,37.4859342,127.0684077
서울특별시 강남구 삼성로 14 436동 105호,37.4855371,127.0714351
서울특별시 강남구 영동대로3길 9,37.4879498,127.0736883
서울특별시 강남구 선릉로12길 10,37.4835676,127.0607506
서울특별시 강남구 개포로 516 708동 106호,37.4888326,127.071487
서울특별시 강남구 강남구 개포로124길 13 (일원동),37.4934973,127.0829527
서울특별시 강남구 강남구 논현로175길 49,37.5240393,127.0234316
서울특별시 강남구 강남구 개포로109길 21 대치2단지 관리동 1층,37.4941843,127.0754343
서울특별시 강남구 강남구 광평로34길 55 강남데시앙포레아파트 105동 104,37.4807917,127.0904871
서울특별시 강남구 강남구 자곡로3길 45 3길 45,37.4741609,127.0962152
서울특별시 강남구 강남구 광평로34길 55 강남데시앙포레아파트 109동 101호,37.4807917,127.0904871
서울특별시 강남구 강남구 강남대로146길 28 논현신동아파밀리에 102동 108호,37.5147364,127.0227444
서울특별시 강남구 자곡로21,37.4835321,127.1039802
서울특별시 강남구 개포로310,37.4829571,127.0589875
서울특별시 강남구 자곡로21,37.4835321,127.1039802
서울특별시 강남구 선릉로 221 도곡렉슬아파트내,37.4935677,127.0507717
서울특별시 강남구 삼성로 14,37.4855371,127.0714351
서울특별시 강남구 영동대로4길 10 공무원APT 9단지내(內),37.4895553,127.075569
서울특별시 강남구 선릉로 8 215동 101호,37.4812032,127.0644888
서울특별시 강남구 개포로 516 705동 106호,37.4888326,127.071487
서울특별시 강남구 개포로 516 604동 104호,37.4888326,127.071487
서울특별시 강남구 개포로 516 609동 104호,37.4888326,127.071487
서울특별시 강남구 개포로 516 603동 108호,37.4888326,127.071487
서울특별시 강남구 삼성로 14 407동 107호,37.4855371,127.0714351
서울특별시 강남구 개포로22길 50 1200-2 101호,37.4770911,127.0505239
서울특별시 강남구 자곡로 21 LH푸르지오 203동 102호,37.4650552,127.0964486
서울특별시 강남구 테헤란로 25길 53,37.5039917,127.0340449
서울특별시 강남구 삼성로 14 주공아파트내,37.4876572,127.0684907
서울특별시 강남구 선릉로 121길 12,37.5142854,127.0409153
서울특별시 강남구 광평로 280,37.4872829,127.1031088
서울특별시 강남구 봉은사로 61길 36,37.5134518,127.0458974
서울특별시 강남구 자곡로260 한양수자인아파트 407동 106호,37.4781515,127.1138035
서울특별시 강남구 자곡로260 한양수자인아파트 402동 102호,37.4781515,127.1138035
서울특별시 강남구 논현로32길 16,37.4840417,127.0435827
서울특별시 강남구 봉은사로114길 12,37.5143876,127.0654559
서울특별시 강남구 봉은사로114길 13 서울의료원내(內),37.512439,127.065545
서울특별시 강남구 삼성1동 COEX 컨벤션센터 2층,37.5130619,127.0586443
서울특별시 강남구 영동대로122길 7-6,37.5171924,127.0596506
서울특별시 강남구 세곡동 525 세곡리엔파크 아파트 512동 102호,37.465781,127.101441
서울특별시 강남구 수서동 559 강남데시앙포레아파트 관리동,37.4807917,127.0904871
서울특별시 강남구 일원동 615 우성7차아파트 107동 104호,37.4922401,127.0784896
서울특별시 강남구 세곡동 602 LH강남아이파크 705동 102호,37.4737864,127.1017461
서울특별시 강남구 개포동 1223-1,37.4757497,127.0488845
서울특별시 강남구 역삼동 709,37.5024363,127.0466551
서울특별시 강남구 강남구 개포로110길 15 101동 104호(일원동우성7차아파트),37.4905083,127.0792227
서울특별시 강남구 강남구 광평로34길 55 강남데시앙포레아파트 114동 103호,37.4807917,127.0904871
서울특별시 강남구 강남구 자곡로 175 LH강남아이파크 704동 102호,37.4737864,127.1017461
서울특별시 강남구 강남구 자곡로 260 강남한양수자인아파트 409동 102호,,
서울특별시 강남구 강남구 봉은사로114길 13 서울의료원 내,37.512439,127.065545
서울특별시 강남구 강남구 삼성로 212 30동 114호(대치동 은마아파트),37.4976559,127.0648797
서울특별시 강남구 강남구 자곡로 175 LH 강남아이파크,37.4737864,127.1017461
서울특별시 강남구 강남구 논현로6길 19,37.4736938,127.0509411
서울특별시 강남구 강남구 역삼로19길 12 조이너스아파트 101호,37.4958223,127.0373824
서울특별시 강남구 강남구 양재대로55길 12 120동 101호(수서1단지아파트),37.4925325,127.0893074
서울특별시 강남구 강남구 자곡로 21 209동 102호,37.5172363,127.0473248
서울특별시 강남구 신사동 631-2,37.5225486,127.0337921
서울특별시 강남구 밤고개로27길 20 관리동,37.4737808,127.1065697
서울특별시 강남구 헌릉로590길 63 세곡리엔파크 아파트 501동104호,37.4629102,127.1015167
서울특별시 강남구 자곡로3길 21 LHA5블럭,37.4835321,127.1039802
서울특별시 강남구 헌릉로590길 63 세곡리엔파크APT 306-102,37.4602722,127.1013494
서울특별시 강남구 광평로51길 49,37.491035,127.1002787
서울특별시 강남구 광평로56길 11,37.4872625,127.1051693
서울특별시 강남구 광평로47길 17 신동아APT7단지,37.4869911,127.0984323
서울특별시 강남구 밤고개로1길 43 한아름APT내(內),37.4887902,127.1035661
서울특별시 강남구 광평로 242,37.4861348,127.0990541
서울특별시 강남구 광평로51길 27 404동 101호,37.4890673,127.101008
서울특별시 강남구 논현로151길 32-1,37.5199813,127.0254393
서울특별시 강남구 개포로 257,37.479431,127.0502829
서울특별시 강남구 논현로4길 41,37.4740444,127.0530802
서울특별시 강남구 언주로 21,37.4785609,127.0542624
서울특별시 강남구 개포로109길 5 216동 111호,37.4939654,127.0750977
서울특별시 강남구 개포로109길 5 305동 102호,37.4939654,127.0750977
서울특별시 강남구 개포로110길 15 107동 104호,37.492341,127.0781235
서울특별시 강남구 도산대로89길 15,37.5257121,127.0506784
서울특별시 강남구 영동대로138길 12,37.5235476,127.0574077
서울특별시 강남구 삼성로135길 42,37.5199257,127.0451
서울특별시 강남구 학동로67길 15,37.5193219,127.0465433
서울특별시 강남구 선릉로148길 48-6,37.5225877,127.043359
서울특별시 강남구 압구정로79길 26 4층,37.5250521,127.049284
서울특별시 강남구 삼성로147길 24 1층,37.521466,127.0469425
서울특별시 강남구 도산대로56길 14,37.5220801,127.0400983
서울특별시 강남구 압구정로79길 26,37.5250521,127.049284
서울특별시 강남구 강남구 자곡로 101 래미안강남힐즈어린이집,37.473596,127.0953513
서울특별시 강남구 테헤란로 509 NC soft R&D센터,37.5045703,127.0494465
서울특별시 강남구 봉은사로105길 24,37.5162234,127.0618652
서울특별시 강남구 봉은사로82길 23,37.5117593,127.0554973
서울특별시 강남구 영동대로 512 별관 1층,37.5121481,127.0609078
서울특별시 강남구 학동로 426,37.5175282,127.0474699
서울특별시 강남구 학동로64길 7 102동107호,37.5173694,127.0455489
서울특별시 강남구 은사로68길27,37.5172363,127.0473248
서울특별시 강남구 신사동 567-17 1층,37.5234015,127.0268361
서울특별시 강남구 도산대로15길 26,37.5199636,127.0240594
서울특별시 강남구 압구정로 311,37.5293104,127.0355977
서울특별시 강남구 언주로164길 36,37.5253051,127.0363519
서울특별시 강남구 언주로157길 8,37.5239227,127.0322517
서울특별시 강남구 논현로158길 19,37.5221773,127.029937
서울특별시 강남구 압구정로42길 25-5,37.5272331,127.0355566
서울특별시 강남구 논현로99길 21,37.5031679,127.03368
서울특별시 강남구 역삼로19길12 조이너스APT101호,37.4958223,127.0373824
서울특별시 강남구 테헤란로25길 43,37.5033259,127.0346009
서울특별시 강남구 학동로101길26 삼익상가 3층,37.522332,127.0568223
서울특별시 강남구 압구정로18길 28 신구초등학교내,37.5233379,127.0240519
서울특별시 강남구 헌릉로 618길 8 대왕초등학교내,37.4642163,127.1051545
서울특별시 강남구 선릉로100길 48,37.5066336,127.0511644
서울특별시 강남구 삼성로111길 8 힐스테이트 2단지내(內),37.5138262,127.0515472
서울특별시 강남구 학동로68길 29 115동 101호,37.5162276,127.0485407
서울특별시 강남구 봉은사로59길 37 201호,37.5132743,127.0448918
서울특별시 강남구 선릉로130길 19 102동 108호,37.5171888,127.0430478
서울특별시 강남구 봉은사로73길 3-4,37.5127599,127.0504975
서울특별시 강남구 학동로68길 29 힐스테이트1단지 내(內),37.5162367,127.0484363
서울특별시 강남구 봉은사로74길 6-11,37.5114528,127.0515445
서울특별시 강남구 학동로68길 29 105동 103호,37.5162276,127.0485407
서울특별시 강남구 헌릉로570길 10 리엔파크2단지,37.463919,127.101814
서울특별시 강남구 헌릉로590길 63 세곡리엔파크 APT 512동 102호,37.4602722,127.1013494
서울특별시 강남구 역삼로11길 14,37.4948024,127.0348746
서울특별시 강남구 역삼로8길 12,37.4932575,127.0333791
서울특별시 강남구 강남대로146길 28,37.5146969,127.0227423
서울특별시 강남구 봉은사로25길 37,37.5094841,127.0316837
서울특별시 강남구 언주로114길 15-11,37.5107583,127.0384188
서울특별시 강남구 역삼로14길 13 신도빌딩1층,37.4980164,127.0320218
서울특별시 강남구 테헤란로22길 46,37.4971055,127.0356468
서울특별시 강남구 테헤란로 114 국세종합상담센터,37.4982503,127.0300905
서울특별시 강남구 언주로103길 40,37.5060175,127.0367175
서울특별시 강남구 테헤란로27길 40,37.5049665,127.0375589
서울특별시 강남구 언주로99길 12,37.5058655,127.0398513
서울특별시 강남구 테헤란로13길 34,37.5018818,127.0317773
서울특별시 강남구 도곡로43길 21 레미안그레이튼APT내(內),37.4951837,127.0472148
서울특별시 강남구 선릉로69길 20,37.4987189,127.0499436
서울특별시 강남구 도곡로43길 20 관리동,37.4964269,127.0482989
서울특별시 강남구 선릉로69길 19 108동102호,37.4972705,127.0502289
서울특별시 강남구 테헤란로 318 일옥빌딩 3층,37.5031271,127.0460758
서울특별시 강남구 선릉로69길 20 105동 104호,37.4987189,127.0499436
서울특별시 강남구 도곡로39길 6,37.4944057,127.045606
서울특별시 강남구 도곡로37길 15,37.4948087,127.0447357
서울특별시 강남구 선릉로 64길 33 도곡초등학교내,37.498989,127.054575
서울특별시 강남구 개포로20길 34,37.4767068,127.048453
서울특별시 강남구 언주로 105,37.4816442,127.0526666
서울특별시 강남구 개포로22길 106 포이빌라 101호,37.4796855,127.045882
서울특별시 강남구 테헤란로27길 34-3,37.5037519,127.037553
서울특별시 강남구 삼성로111길 8 힐스테이트2단지 내,37.5138262,127.0515472
서울특별시 강남구 언주로63길 29 명지빌딩 1층,37.4940737,127.0439885
서울특별시 강남구 헌릉로590길 10 리엔파크2단지,37.463919,127.101814
서울특별시 강남구 삼성로 14,37.4855371,127.0714351
서울특별시 강남구 삼성로 212 은마아파트 15동 109호,37.4976559,127.0648797
서울특별시 강남구 선릉로 222 대치아이파크아파트 내 (대치동),37.4953504,127.0544641
서울특별시 강남구 삼성로51길 37 1단지 관리동,37.4942012,127.0584852
서울특별시 강남구 삼성로51길 35 2단지 관리동,37.4942012,127.0584852
서울특별시 강남구 도곡로18길 57,37.4882371,127.0392707
서울특별시 강남구 개포로15길 29,37.4802458,127.0457273
서울특별시 강남구 선릉로69길 19 래미안생활지원센타1층,37.4972705,127.0502289
서울특별시 강남구 개포로22길 39-11,37.4771644,127.0501171
서울특별시 강남구 언주로 3 5동 106호,37.489628,127.0496869
서울특별시 강남구 언주로 25,37.4788872,127.0553945
서울특별시 강남구 개포로22길 87,37.4756728,127.0520896
서울특별시 강남구 언주로 21 30동 103호,37.4785609,127.0542624
서울특별시 강남구 개포로22길 100,37.4753909,127.0533402
서울특별시 강남구 개포로31길 19-8,37.4803146,127.048561
서울특별시 강남구 논현로8길 52 서울빌딩 2층,37.4746863,127.052937
서울특별시 강남구 개포로36길 14,37.4785209,127.0512916
서울특별시 강남구 언주로 21 24동 105호,37.4785609,127.0542624
서울특별시 강남구 학동로20길 25-9 .,37.5112405,127.0289689
서울특별시 강남구 봉은사로13길 13,37.5070784,127.0294956
서울특별시 강남구 봉은사로25길 28 191,37.5094029,127.031396
서울특별시 강남구 학동로12길 16,37.5110672,127.0257633
서울특별시 강남구 강남대로124길 65,37.51098,127.0268707
서울특별시 강남구 영동대로 325 해암빌딩 2층,37.5034607,127.065435
서울특별시 강남구 압구정로80길 17 2층,37.5245727,127.0453677
서울특별시 강남구 자곡로 21 LH푸르지오아파트 211동 104호,37.5172363,127.0473248
서울특별시 강남구 봉은사로68길 35-2,37.5099927,127.0518311
서울특별시 강남구 밤고개로26길 50 강남한신휴플러스 아파트 6단지 내 관리동,37.4680562,127.1054415
서울특별시 강남구 언주로 604 1층(논현동),37.5093526,127.0388621
서울특별시 강남구 밤고개로 24길 66-18,37.4709675,127.1039414
서울특별시 강남구 헌릉로590길 63 세곡리엔파크APT 501동 101호,37.4602722,127.1013494
서울특별시 강남구 헌릉로570길11 리엔파크303동1층,37.466266,127.1167873
서울특별시 강남구 헌릉로590길 63 세곡리엔파크 APT 206동104호,37.4629102,127.1015167
서울특별시 강남구 헌릉로590길 88 세곡리엔파크 4단지내(內),37.4623275,127.1020437
서울특별시 강남구 밤고개로 24길 75,37.4698837,127.1045671
서울특별시 강남구 헌릉로590길 63 세곡리엔파크APT 307동104호,37.4602722,127.1013494
서울특별시 강남구 헌릉로590길 63 세곡리엔파크APT 503동 104호,37.4629102,127.1015167
서울특별시 강남구 언주로 332 푸르지오APT내(內),37.4968501,127.0461871
서울특별시 강남구 광평로19길 10 1002동 111호,37.4846721,127.0873935
서울특별시 강남구 광평로31길 66,37.4855195,127.0880345
서울특별시 강남구 광평로19길 10 1006동 103호,37.4846721,127.0873935
서울특별시 강남구 일원로 120 샘터마을단지내(內),37.4841579,127.0823506
서울특별시 강남구 광평로3길 21,37.4840536,127.0779528
서울특별시 강남구 광평로 185,37.4847491,127.0934205
서울특별시 강남구 광평로 185태화기독교사회복지관내(內),37.4847413,127.0934328
서울특별시 강남구 광평로19길 15목련타운APT109동103호,37.4849078,127.085378
서울특별시 강남구 언주로 703 프뢰벨교육센터 3층,37.515875,127.035076
서울특별시 강남구 학동로43길 17,37.5172158,127.0371731
서울특별시 강남구 봉은사로51길 42,37.5128026,127.042062
서울특별시 강남구 도곡로78길 22,37.4965682,127.0588507
서울특별시 강남구 선릉로 222 대치I Park APT내(內),37.4953504,127.0544641
서울특별시 강남구 남부순환로397길 19,37.4943479,127.0613269
서울특별시 강남구 삼성로76길 5-6,37.5043667,127.058608
서울특별시 강남구 영동대로 230 6동 102호,37.5151298,127.0606594
서울특별시 강남구 삼성로 212 은마APT 15 109호,37.4976559,127.0648797
서울특별시 강남구 삼성로 154,37.4938503,127.0642598
서울특별시 강남구 헌릉로590길 63 세곡리엔파크APT 501동104호,37.4629102,127.1015167
서울특별시 강남구 헌릉로590길 63 세곡리엔파크APT 307동 102호,37.4602722,127.1013494
서울특별시 강남구 헌릉로570길 63 세곡5단지리엔파크 관리동,37.466266,127.1167873
서울특별시 강남구 헌릉로590길 63 세곡리엔파크APT 206동101호,37.4602722,127.1013494
서울특별시 강남구 헌릉로590길 100 리엔파크 1단지내(內),37.4632328,127.1032368
서울특별시 강남구 밤고개로 20길 84,37.4735319,127.0997899
서울특별시 강남구 헌릉로590길 63세곡리엔파크APT 201동 104호,37.4602722,127.1013494
서울특별시 강남구 헌릉로590길 63 세곡리엔파크APT 201동101호,37.4602722,127.1013494
서울특별시 강남구 광평로10길 6 307동 101호,37.4818107,127.0777022
서울특별시 강남구 광평로19길 10 까치마을APT관리동,37.4846579,127.0875723
서울특별시 강남구 광평로10길 6,37.4818107,127.0777022
서울특별시 강남구 양재대로55길10 118동 106호,37.492615,127.0902134
서울특별시 강남구 양재대로 55길 6 상가동 304 305호,37.4922459,127.0881366
서울특별시 강남구 개포로 310 92동 108호,37.4829571,127.0589875
서울특별시 강남구 개포로 310 주공아파트 7동105호,37.4804961,127.0583744
서울특별시 강남구 선릉로 786동 103호,37.5204839,127.0231268
서울특별시 강남구 개포로 310 72동 105호,37.4829571,127.0589875
서울특별시 강남구 삼성로 212 17동 115호,37.4974576,127.0653265
서울특별시 강남구 영동대로65길 11,37.5018501,127.065542
서울특별시 강남구 영동대로57길 28 101동105호,37.4997456,127.0651317
서울특별시 강남구 삼성로 212 30동 114호,37.4974576,127.0653265
서울특별시 강남구 영동대로57길 7 대치문화복지회관 3층,37.4999216,127.0660433
서울특별시 강남구 선릉로 332,37.4993953,127.0517005
서울특별시 강남구 도곡로73길 11 라이트빌1층,37.4990045,127.056578
서울특별시 강남구 삼성로67길 13,37.5008073,127.058353
서울특별시 강남구 개포동 12 대치1차 APT내(內),37.4907955,127.060047
서울특별시 강남구 청담동 117,37.5268269,127.0482375
서울특별시 강남구 세곡동 171번지,37.4639285,127.1060929
서울특별시 강남구 세곡동 464-9번지,37.468414,127.0909827
서울특별시 강남구 헌릉로 618길 8번지,37.4641998,127.1056319
서울특별시 강남구 서울특별시 강남구 선릉로 29 (개포동 개원초등학교),37.48163,127.0587418
서울특별시 강남구 강남구 선릉로64길 33 (대치동 도곡초등학교),37.498989,127.054575
서울특별시 강남구 강남구 압구정로18길 28 (신사동 신구초등학교),37.5233379,127.0240519
서울특별시 강남구 강남구 남부순환로 363길 19 서울언주초등학교병설유치원,37.4866567,127.0371605
서울특별시 강남구 강남구 학동로67길 15 (청담동 장우빌딩),37.5236245,127.0381038
서울특별시 강남구 개포동 189-4,37.4855871,127.0720756
서울특별시 강남구 개포동 185-1,37.4883275,127.0715284
서울특별시 강남구 개포동 188,37.4866274,127.0709874
서울특별시 강남구 개포2동 164-2,37.4834308,127.0616783
서울특별시 강남구 개포동 140-1,37.4812919,127.0649942
서울특별시 강남구 일원동 611-1,37.4907489,127.0752448
서울특별시 강남구 개포2동138-1,37.4835749,127.0678174
서울특별시 강남구 개포4동 1222-6,37.4759833,127.0485775
서울특별시 강남구 논현1동 168,37.5081699,127.0260317
서울특별시 강남구 논현동 243,37.5154476,127.0390091
서울특별시 강남구 논현동 225-2,37.5114206,127.0353325
서울특별시 강남구 대치동 1015-7,37.497352,127.0587233
서울특별시 강남구 대치1동 506 선경APT내(內),37.4922121,127.0627967
서울특별시 강남구 대치동 969,37.5038985,127.0636435
서울특별시 강남구 도곡1동 963,37.4904143,127.0401859
서울특별시 강남구 도곡2동 417-10,37.485163,127.0446324
서울특별시 강남구 도곡2동464번지한신APT내(內),37.4868514,127.0487982
서울특별시 강남구 도곡동 527번지,37.4936848,127.0507447
서울특별시 강남구 삼성동 63-10,37.5175282,127.0534156
서울특별시 강남구 수서동 736 신동아APT내(內),37.4869911,127.0984323
서울특별시 강남구 수서동 709,37.4909843,127.1015493
서울특별시 강남구 수서동 723,37.4872625,127.1051693
서울특별시 강남구 신사동 558-1,37.5207228,127.025976
서울특별시 강남구 압구정동 230-5,37.5276114,127.0298225
서울특별시 강남구 강남대로 66길 21,37.492918,127.0328543
서울특별시 강남구 역삼동 784-3호,37.494989,127.0455307
서울특별시 강남구 일원동 716,37.4849458,127.0851548
서울특별시 강남구 일원동 718번지,37.4842931,127.082553
서울특별시 강남구 일원본동719번지 푸른마을내(內),37.4837968,127.0808507
서울특별시 강남구 일원동 711,37.492615,127.0902134
서울특별시 강남구 일원동 615번지 우성7차APT내(內),37.4922401,127.0784896
서울특별시 강남구 청담동 3-6,37.5232547,127.0427203
서울특별시 강남구 역삼동 784-7,37.4948481,127.0458254
서울특별시 강남구 청담동 79-14,37.5266815,127.0435149
서울특별시 강남구 청담동 132-9,37.5219195,127.056737
서울특별시 강남구 삼성동 38-21,37.5115134,127.0470928
서울특별시 강남구 역삼동 652-2,37.5077842,127.0364686
서울특별시 강남구 논현동 221-15,37.5106991,127.0327199
서울특별시 강남구 논현동 201-14,37.5050134,127.0253681
서울특별시 강남구 신사동 503-1,37.5188781,127.0192986
서울특별시 강남구 신사동 563-10,37.5194704,127.0263136
서울특별시 강남구 대치동 994,37.5000267,127.0671775
서울특별시 강남구 역삼동 654-4,37.5074425,127.039209
서울특별시 강남구 세곡동 20-8,37.4664775,127.1190391
서울특별시 강남구 역삼동 734-15,37.4963518,127.039575
서울특별시 강남구 도곡동 515-2,37.4833216,127.04278
서울특별시 강남구 도곡동 910-2,37.4856498,127.0398805
서울특별시 강남구 역삼동 785-17,37.494102,127.045482
서울특별시 강남구 자곡동 210,37.4835321,127.1039802
서울특별시 강남구 수서동 522-1,37.4839933,127.0949776
서울특별시 강남구 율현동 240,37.4749397,127.1068516
서울특별시 강남구 학동로 229 (논현동 89-11),37.5149314,127.0377149
서울특별시 강남구 삼성로 335 (대치동 913-18,37.4974054,127.0628251
서울특별시 강남구 대치동 2-7,37.4983776,127.0774759
서울특별시 강남구 삼성동 119-18,37.5116802,127.053606
서울특별시 강남구 삼성동 169-17,37.5098777,127.0651015
서울특별시 강남구 삼성동 97-1,37.5184855,127.0646604
서울특별시 강남구 삼성동 71-9,37.5134585,127.053786
서울특별시 강남구 신사동 575-1,37.5257812,127.0265166
서울특별시 강남구 도곡동 543-2,37.4922037,127.0419554
서울특별시 강남구 신사동 638 (압구정로 302),37.5270213,127.0357939
서울특별시 강남구 개포동 1164-2,37.4723322,127.0517033
서울특별시 강남구 개포동 167-9,37.4827505,127.0607732
서울특별시 강남구 대치동 50-8,37.4971084,127.0704075
서울특별시 강남구 논현동 8-11,37.5184942,127.0282324
서울특별시 강남구 역삼동 726-13,37.4983335,127.0386177
서울특별시 강남구 일원동 645-13,37.4910205,127.087806
서울특별시 강남구 신사동 633,37.5252957,127.033768
서울특별시 강남구 논현동 106-4,37.5176359,127.0357559
서울특별시 강남구 봉은사로 311,37.5098229,127.0408435
서울특별시 강남구 삼성동 91-28.29,37.5156388,127.0599721
서울특별시 강남구 삼성동 128-17,37.5085074,127.0551651
서울특별시 강남구 역삼동 668-13,37.5026952,127.036474
서울특별시 강남구 역삼동 721-20,37.5007619,127.0430652
서울특별시 강남구 역삼동 834-47,37.4943462,127.0350659
서울특별시 강남구 일원동 624-8,37.494874,127.0842726
서울특별시 강남구 도곡동 546-14,37.4910937,127.0377448
서울특별시 강남구 논현동 5-6,37.5176626,127.0241923
서울특별시 강남구 도곡동 411-8,37.4853766,127.0433067
서울특별시 강남구 세곡동 21-13,37.4672103,127.1187128
서울특별시 강남구 삼성동 16-1,37.5175282,127.0474699
서울특별시 강남구 강남대로 396,37.497992,127.0279357
서울특별시 강남구 테헤란로 156,37.4981284,127.028303
서울특별시 강남구 테헤란로 156,37.4981284,127.028303
서울특별시 강남구 테헤란로 156,37.4981284,127.028303
서울특별시 강남구 테헤란로 156,37.4981284,127.028303
서울특별시 강남구 테헤란로 156,37.4981284,127.028303
서울특별시 강남구 테헤란로 156,37.4981284,127.028303
서울특별시 강남구 테헤란로 156,37.4981284,127.028303
서울특별시 강남구 테헤란로 156,37.4981284,127.028303
서울특별시 강남구 논현동 279-165,37.5074533,127.0342367
서울특별시 강남구 논현동 279-165,37.5074533,127.0342367
서울특별시 강남구 논현동 279-165,37.5074533,127.0342367
서울특별시 강남구 일원동 717,37.4839534,127.0844127
서울특별시 강남구 도곡동 179-2,37.4869406,127.0466214
서울특별시 강남구 도곡동 179-2,37.4869406,127.0466214
서울특별시 강남구 도곡동 179-2,37.4869406,127.0466214
서울특별시 강남구 도곡동 179-2,37.4869406,127.0466214
서울특별시 강남구 일원동 717,37.4839534,127.0844127
서울특별시 강남구 일원동 717,37.4839534,127.0844127
서울특별시 강남구 일원동 717,37.4839534,127.0844127
서울특별시 강남구 일원동 717,37.4839534,127.0844127
서울특별시 강남구 일원동 717,37.4839534,127.0844127
서울특별시 강남구 일원동 717,37.4839534,127.0844127
서울특별시 강남구 청담동 77-76,37.5191066,127.0520336
서울특별시 강남구 청담동 77-76,37.5191066,127.0520336
서울특별시 강남구 청담동 77-76,37.5191066,127.0520336
서울특별시 강남구 청담동 77-76,37.5191066,127.0520336
서울특별시 강남구 청담동 77-76,37.5191066,127.0520336
서울특별시 강남구 청담동 77-76,37.5191066,127.0520336
서울특별시 강남구 청담동 77-76,37.5191066,127.0520336
서울특별시 강남구 청담동 77-76,37.5191066,127.0520336
서울특별시 강남구 청담동 77-76,37.5191066,127.0520336
서울특별시 강남구 삼성동 172,37.5147292,127.0632028
서울특별시 강남구 삼성동 172,37.5147292,127.0632028
서울특별시 강남구 삼성동 172,37.5147292,127.0632028
서울특별시 강남구 삼성동 172,37.5147292,127.0632028
서울특별시 강남구 삼성동 172,37.5147292,127.0632028
서울특별시 강남구 삼성동 172,37.5147292,127.0632028
서울특별시 강남구 삼성동 172,37.5147292,127.0632028
서울특별시 강남구 삼성동 172-66,37.5088263,127.0630673
서울특별시 강남구 삼성동 172-66,37.5088263,127.0630673
서울특별시 강남구 삼성동 172-66,37.5088263,127.0630673
서울특별시 강남구 삼성동 172-66,37.5088263,127.0630673
서울특별시 강남구 삼성동 172-66,37.5088263,127.0630673
서울특별시 강남구 삼성동 172-66,37.5088263,127.0630673
서울특별시 강남구 삼성동 172-66,37.5088263,127.0630673
서울특별시 강남구 삼성동 172-66,37.5088263,127.0630673
서울특별시 강남구 청담동 77-76,37.5191066,127.0520336
서울특별시 강남구 청담동 77-76,37.5191066,127.0520336
서울특별시 강남구 청담동 77-76,37.5191066,127.0520336
서울특별시 강남구 청담동 77-76,37.5191066,127.0520336
서울특별시 강남구 청담동 77-76,37.5191066,127.0520336
서울특별시 강남구 논현동 279-67,37.5111584,127.0216392
서울특별시 강남구 논현동 279-67,37.5111584,127.0216392
서울특별시 강남구 논현동 279-67,37.5111584,127.0216392
서울특별시 강남구 논현동 279-67,37.5111584,127.0216392
서울특별시 강남구 삼성동 111-147,37.511617,127.0485529
서울특별시 강남구 삼성동 111-147,37.511617,127.0485529
서울특별시 강남구 삼성동 111-147,37.511617,127.0485529
서울특별시 강남구 삼성동 111-147,37.511617,127.0485529
서울특별시 강남구 삼성동 111-147,37.511617,127.0485529
서울특별시 강남구 삼성동 111-147,37.511617,127.0485529
서울특별시 강남구 삼성동 111-147,37.511617,127.0485529
서울특별시 강남구 논현동 279-67,37.5111584,127.0216392
서울특별시 강남구 논현동 279-67,37.5111584,127.0216392
서울특별시 강남구 논현동 279-67,37.5111584,127.0216392
서울특별시 강남구 논현동 279-67,37.5111584,127.0216392
서울특별시 강남구 논현동 279-67,37.5111584,127.0216392
서울특별시 강남구 논현동 279-67,37.5111584,127.0216392
서울특별시 강남구 대치동 514-3,37.4966789,127.0717054
서울특별시 강남구 대치동 1011-28,37.4962068,127.0528705
서울특별시 강남구 대치동 1011-28,37.4962068,127.0528705
서울특별시 강남구 대치동 1011-28,37.4962068,127.0528705
서울특별시 강남구 역삼동 858,37.4970172,127.0281681
서울특별시 강남구 역삼동 858,37.4970172,127.0281681
서울특별시 강남구 역삼동 858,37.4970172,127.0281681
서울특별시 강남구 역삼동 858,37.4970172,127.0281681
서울특별시 강남구 삼성동 172-66,37.5088263,127.0630673
서울특별시 강남구 삼성동 172-66,37.5088263,127.0630673
서울특별시 강남구 삼성동 172-66,37.5088263,127.0630673
서울특별시 강남구 삼성동 172-66,37.5088263,127.0630673
서울특별시 강남구 삼성동 172-66,37.5088263,127.0630673
서울특별시 강남구 삼성동 172-66,37.5088263,127.0630673
서울특별시 강남구 삼성동 172-66,37.5088263,127.0630673
서울특별시 강남구 삼성동 172-66,37.5088263,127.0630673
서울특별시 강남구 삼성동 172-66,37.5088263,127.0630673
서울특별시 강남구 삼성동 172-66,37.5088263,127.0630673
서울특별시 강남구 삼성동 111-114,37.5108416,127.0436876
서울특별시 강남구 삼성동 111-114,37.5108416,127.0436876
서울특별시 강남구 역삼동 858,37.4970172,127.0281681
서울특별시 강남구 삼성동 111-44,37.517161,127.041288
서울특별시 강남구 삼성동 111-44,37.517161,127.041288
서울특별시 강남구 삼성동 111-44,37.517161,127.041288
서울특별시 강남구 삼성동 111-44,37.517161,127.041288
서울특별시 강남구 개포동 195,37.4892333,127.0665315
서울특별시 강남구 개포동 195,37.4892333,127.0665315
서울특별시 강남구 개포동 195,37.4892333,127.0665315
서울특별시 강남구 개포동 195,37.4892333,127.0665315
서울특별시 강남구 개포동 195,37.4892333,127.0665315
서울특별시 강남구 개포동 195,37.4892333,127.0665315
서울특별시 강남구 개포동 195,37.4892333,127.0665315
서울특별시 강남구 대치동 1011-28,37.4962068,127.0528705
서울특별시 강남구 대치동 1011-28,37.4962068,127.0528705
서울특별시 강남구 대치동 1011-28,37.4962068,127.0528705
서울특별시 강남구 대치동 1011-28,37.4962068,127.0528705
서울특별시 강남구 대치동 1011-28,37.4962068,127.0528705
서울특별시 강남구 삼성동 111-114,37.5108416,127.0436876
서울특별시 강남구 삼성동 111-114,37.5108416,127.0436876
서울특별시 강남구 수서동 728,37.4873499,127.1018416
서울특별시 강남구 수서동 728,37.4873499,127.1018416
서울특별시 강남구 수서동 728,37.4873499,127.1018416
서울특별시 강남구 수서동 728,37.4873499,127.1018416
서울특별시 강남구 수서동 728,37.4873499,127.1018416
서울특별시 강남구 수서동 728,37.4873499,127.1018416
서울특별시 강남구 수서동 728,37.4873499,127.1018416
서울특별시 강남구 개포동 195,37.4892333,127.0665315
서울특별시 강남구 개포동 175-3,37.4870256,127.0592486
서울특별시 강남구 개포동 175-3,37.4870256,127.0592486
서울특별시 강남구 개포동 175-3,37.4870256,127.0592486
서울특별시 강남구 개포동 175-3,37.4870256,127.0592486
서울특별시 강남구 개포동 175-3,37.4870256,127.0592486
서울특별시 강남구 논현동 280,37.5103093,127.0218222
서울특별시 강남구 논현동 280,37.5103093,127.0218222
서울특별시 강남구 논현동 280,37.5103093,127.0218222
서울특별시 강남구 논현동 280,37.5103093,127.0218222
서울특별시 강남구 일원동 700,37.4911324,127.0728947
서울특별시 강남구 일원동 700,37.4911324,127.0728947
서울특별시 강남구 역삼동 800,37.5045961,127.0250184
서울특별시 강남구 역삼동 800,37.5045961,127.0250184
서울특별시 강남구 역삼동 800,37.5045961,127.0250184
서울특별시 강남구 신사동 667,37.5163915,127.0203073
서울특별시 강남구 신사동 667,37.5163915,127.0203073
서울특별시 강남구 신사동 667,37.5163915,127.0203073
서울특별시 강남구 신사동 667,37.5163915,127.0203073
서울특별시 강남구 신사동 667,37.5163915,127.0203073
서울특별시 강남구 신사동 667,37.5163915,127.0203073
서울특별시 강남구 신사동 668,37.5235264,127.0283255
서울특별시 강남구 일원동 700,37.4911324,127.0728947
서울특별시 강남구 일원동 700,37.4911324,127.0728947
서울특별시 강남구 일원동 700,37.4911324,127.0728947
서울특별시 강남구 일원동 700,37.4911324,127.0728947
서울특별시 강남구 일원동 700,37.4911324,127.0728947
서울특별시 강남구 일원동 700,37.4911324,127.0728947
서울특별시 강남구 일원동 700-9,37.4936861,127.0794787
서울특별시 강남구 신사동 668,37.5235264,127.0283255
서울특별시 강남구 신사동 668,37.5235264,127.0283255
서울특별시 강남구 신사동 668,37.5235264,127.0283255
서울특별시 강남구 신사동 668,37.5235264,127.0283255
서울특별시 강남구 신사동 668,37.5235264,127.0283255
서울특별시 강남구 압구정동 495,37.5294032,127.0412456
서울특별시 강남구 압구정동 495,37.5294032,127.0412456
서울특별시 강남구 압구정동 495,37.5294032,127.0412456
서울특별시 강남구 압구정동 495,37.5294032,127.0412456
서울특별시 강남구 압구정동 495,37.5294032,127.0412456
서울특별시 강남구 압구정동 495,37.5294032,127.0412456
서울특별시 강남구 압구정동 495,37.5294032,127.0412456
서울특별시 서초구 서초동 1366-9,37.4847605,127.033371
서울특별시 서초구 서초동 1366-9,37.4847605,127.033371
서울특별시 강남구 일원동 700-9,37.4936861,127.0794787
서울특별시 강남구 일원동 700-9,37.4936861,127.0794787
서울특별시 강남구 일원동 700-9,37.4936861,127.0794787
서울특별시 강남구 일원동 700-9,37.4936861,127.0794787
서울특별시 강남구 일원동 700-9,37.4936861,127.0794787
서울특별시 강남구 일원동 700-9,37.4936861,127.0794787
서울특별시 강남구 일원동 700-9,37.4936861,127.0794787
서울특별시 강남구 대치동 317-3,37.4945429,127.0634256
서울특별시 강남구 대치동 317-3,37.4945429,127.0634256
서울특별시 강남구 대치동 317-3,37.4945429,127.0634256
서울특별시 강남구 대치동 317-3,37.4945429,127.0634256
서울특별시 강남구 대치동 317-3,37.4945429,127.0634256
서울특별시 강남구 대치동 317-3,37.4945429,127.0634256
서울특별시 강남구 대치동 317-3,37.4945429,127.0634256
서울특별시 강남구 대치동 317-3,37.4945429,127.0634256
서울특별시 강남구 논현동 279-165,37.5074533,127.0342367
서울특별시 강남구 논현동 279-165,37.5074533,127.0342367
서울특별시 강남구 논현동 279-165,37.5074533,127.0342367
서울특별시 강남구 논현동 279-165,37.5074533,127.0342367
서울특별시 강남구 논현동 279-165,37.5074533,127.0342367
서울특별시 강남구 도곡동 339-2,37.4908245,127.0553064
서울특별시 강남구 도곡동 339-2,37.4908245,127.0553064
서울특별시 강남구 도곡동 339-2,37.4908245,127.0553064
서울특별시 강남구 도곡동 339-2,37.4908245,127.0553064
서울특별시 강남구 일원동 691,37.4898353,127.0762907
서울특별시 강남구 삼성동 705,37.5112764,127.0454217
서울특별시 강남구 일원본동 735,37.4824572,127.0852937
서울특별시 강남구 대치동 509,37.4942101,127.0638346
서울특별시 강남구 대치2동 507,37.4935978,127.0622998
서울특별시 강남구 대치1동 599,37.4945186,127.0626332
서울특별시 강남구 삼성동 98-7,37.518025,127.063967
서울특별시 강남구 삼성동 1008-3,37.5173474,127.044048
서울특별시 강남구 역삼동 824-3,37.4983074,127.0302413
서울특별시 강남구 논현1동 199,37.5058792,127.0242552
서울특별시 강남구 도곡동 467-6,37.4881387,127.0511666
서울특별시 강남구 도곡동 538,37.4950584,127.0505701
서울특별시 강남구 역삼동 676,37.5032173,127.0416201
서울특별시 강남구 역삼동 708,37.5036707,127.0476607
서울특별시 강남구 대치동 1024,37.4964429,127.0552323
서울특별시 강남구 논현동 142-2,37.5101814,127.0222548
서울특별시 강남구 논현1동 4,37.5168147,127.0221321
서울특별시 강남구 신사동 516,37.5184597,127.0213278
서울특별시 강남구 압구정동 2,37.533262,127.0281879
서울특별시 강남구 압구정 458,37.5297371,127.030708
서울특별시 강남구 압구정동 468,37.5315421,127.032935
서울특별시 강남구 논현동 248,37.5119315,127.0418537
서울특별시 강남구 삼성동 52-17,37.5176452,127.0511449
서울특별시 강남구 삼성동 21,37.5165461,127.0510559
서울특별시 강남구 신사동 623-5,37.5249265,127.0325905
서울특별시 강남구 논현동 105-7,37.5193432,127.0351842
서울특별시 강남구 논현동 276,37.5093526,127.0388621
서울특별시 강남구 청담동 47,37.5196064,127.0491924
서울특별시 강남구 삼성동 160,37.513696,127.0610812
서울특별시 강남구 삼성동 167,37.512287,127.0630422
서울특별시 강남구 대치동 500,37.4908748,127.0573085
서울특별시 강남구 개포동 185 주공7단지앞,37.4894348,127.0724069
서울특별시 강남구 압구정동 471,37.5302105,127.032959
서울특별시 강남구 논현동 69,37.51928,127.033073
서울특별시 강남구 삼성동 28,37.5143038,127.0464035
서울특별시 강남구 역삼동 767-20,37.4956709,127.0490787
서울특별시 강남구 도곡동 938-10,37.4879414,127.0359252
서울특별시 강남구 일원2동 692,37.488319,127.0786207
서울특별시 강남구 선릉로85길 27,37.501754,127.0476387
서울특별시 강남구 청담동 143,37.5285802,127.0454332
서울특별시 강남구 대치동 952-1,37.504951,127.0620662
서울특별시 강남구 개포동 1272,37.475978,127.0516132
서울특별시 강남구 개포동 173번지,37.4846776,127.0596014
서울특별시 강남구 삼성동 74번지,37.5163693,127.0543997
서울특별시 강남구 개포 2동 152번지,37.486824,127.0660933
서울특별시 강남구 대치동 1013,37.4953357,127.0564936
서울특별시 강남구 수서동 711,37.4903266,127.1026224
서울특별시 강남구 도곡 2동 91번지,37.4907295,127.0533366
서울특별시 강남구 압구정동 470,37.5311729,127.0328538
서울특별시 강남구 청담동 23-4번지,37.5205869,127.0426288
서울특별시 강남구 도곡동 938-10,37.4879414,127.0359252
서울특별시 강남구 일원1동 618,37.4935585,127.0804483
서울특별시 강남구 일원동 714,37.485653,127.0808471
서울특별시 강남구 도곡 2동 108번지,37.4924705,127.0529132
서울특별시 강남구 역삼 2동 713번지,37.501754,127.0476387
서울특별시 강남구 압구정동 526,37.5278836,127.0435289
서울특별시 강남구 압구정동 425번지,37.5250492,127.0226548
서울특별시 강남구 대치 2동 952-1번지,37.504951,127.0620662
서울특별시 강남구 대치 1동 1013,37.4953357,127.0564936
서울특별시 강남구 수서동 733,37.4904401,127.0960046
서울특별시 강남구 일원동 738,37.4807426,127.084375
서울특별시 강남구 개포 2동 155번지,37.4850307,127.0639073
서울특별시 강남구 개포동 1272번지,37.475978,127.0516132
서울특별시 강남구 일원동 713번지,37.4859112,127.0821906
서울특별시 강남구 삼성동 74-13,37.5143628,127.054425
서울특별시 강남구 선릉로 29,37.4812767,127.058657
서울특별시 강남구 개포동 174번지,37.4861543,127.057776
서울특별시 강남구 개포2동 188번지,37.4866274,127.0709874
서울특별시 강남구 개포4동 655번지,37.4807232,127.051863
서울특별시 강남구 밤고개로21길 15(자곡동),37.4746168,127.1083195
서울특별시 강남구 자곡로 150 (자곡동),37.4722368,127.0997165
서울특별시 강남구 논현동 168번지,37.5081699,127.0260317
서울특별시 강남구 대치 2동 510번지,37.4943322,127.0646926
서울특별시 강남구 도곡 2동 109번지,37.4926285,127.0536293
서울특별시 강남구 일원본동 736번지,37.4814341,127.0865193
서울특별시 강남구 세곡동 122-2번지,37.4641998,127.1056319
서울특별시 강남구 개포동 13번지,37.4970272,127.0779765
서울특별시 강남구 일원1동 712번지,37.4931172,127.0875746
서울특별시 강남구 대치동 505번지,37.4909689,127.0624593
서울특별시 강남구 대치동 969,37.5038985,127.0636435
서울특별시 강남구 대치 4동 924-10,37.4993211,127.054928
서울특별시 강남구 역삼 2동 714번지,37.5013049,127.0489326
서울특별시 강남구 삼성동 79-2번지,37.5201521,127.0609811
서울특별시 강남구 삼성 2동 42번지,37.5131023,127.0469142
서울특별시 강남구 세곡동 464-9번지,37.468414,127.0909827
서울특별시 강남구 수서동 709번지,37.4909843,127.1015493
서울특별시 강남구 신사동 550-11번지,37.5233603,127.0240264
서울특별시 강남구 압구정동 461,37.5316708,127.031165
서울특별시 강남구 개포 2동 183번지,37.4903657,127.0694778
서울특별시 강남구 청담동 27번지,37.5199257,127.0451
서울특별시 강남구 도곡 1동 922,37.4862841,127.0367809
서울특별시 강남구 역삼동833-7,37.492918,127.0328543
서울특별시 강남구 일원 1동 617번지,37.4922499,127.0808759
서울특별시 강남구 수서동 745번지,37.4864123,127.0860392
서울특별시 강남구 일원동 691번지,37.4898353,127.0762907
서울특별시 강남구 청담동 142번지,37.5279725,127.0452701
서울특별시 강남구 개포동 1273,37.4756728,127.0520896
서울특별시 강남구 논현 2동 264-7번지,37.5125348,127.0397082
서울특별시 강남구 개포2동 184,37.4918658,127.071402
서울특별시 강남구 개포동 660-37,37.4806642,127.0617435
서울특별시 강남구 개포1동 650,37.4862777,127.0560795
서울특별시 강남구 대치1동 1013,37.4953357,127.0564936
서울특별시 강남구 대치2동 952,37.5063402,127.0608974
서울특별시 강남구 수서동 750,37.483438,127.0873271
서울특별시 강남구 대치1동 502,37.4905203,127.0583895
서울특별시 강남구 도곡2동 460,37.4845654,127.0472825
서울특별시 강남구 도곡1동 541-2,37.4923472,127.0450882
서울특별시 강남구 삼성동 82-7,37.5189411,127.0621196
서울특별시 강남구 수서동 710,37.4910655,127.1023885
서울특별시 강남구 도곡동 91,37.4907295,127.0533366
서울특별시 강남구 자곡동565-4,37.4715611,127.0922277
서울특별시 강남구 신사동 621,37.5273302,127.0322212
서울특별시 강남구 압구정동 410,37.5247079,127.02115
서울특별시 강남구 압구정동 410,,
